# actual,predicted,set (1=test)
8.398295470000000478e+02,7.280000000000000000e+02,1.000000000000000000e+00
5.965702880000000050e+02,9.100000000000000000e+02,1.000000000000000000e+00
7.992212739999999940e+02,8.930000000000000000e+02,1.000000000000000000e+00
8.047414380000000165e+02,7.130000000000000000e+02,1.000000000000000000e+00
4.667476609999999368e+02,4.340000000000000000e+02,1.000000000000000000e+00
9.352914359999999760e+01,4.860000000000000000e+02,1.000000000000000000e+00
8.404427889999999479e+02,8.150000000000000000e+02,1.000000000000000000e+00
5.712961880000000292e+02,7.750000000000000000e+02,1.000000000000000000e+00
3.220705300000000193e+02,3.470000000000000000e+02,1.000000000000000000e+00
5.389411649999999554e+02,3.820000000000000000e+02,1.000000000000000000e+00
1.189020829999999904e+02,6.540000000000000000e+02,1.000000000000000000e+00
1.940158069999999952e+02,1.830000000000000000e+02,1.000000000000000000e+00
2.249867030000000057e+02,2.690000000000000000e+02,1.000000000000000000e+00
5.395649839999999813e+02,7.340000000000000000e+02,1.000000000000000000e+00
6.626063380000000507e+02,7.190000000000000000e+02,1.000000000000000000e+00
2.721520499999999743e+02,5.740000000000000000e+02,1.000000000000000000e+00
4.122213110000000142e+02,7.590000000000000000e+02,1.000000000000000000e+00
5.895149780000000419e+02,8.230000000000000000e+02,1.000000000000000000e+00
7.945608190000000377e+02,8.860000000000000000e+02,1.000000000000000000e+00
1.144834910000000036e+03,9.100000000000000000e+02,1.000000000000000000e+00
1.334323039999999905e+00,1.220000000000000000e+02,1.000000000000000000e+00
8.083471849999999677e+02,9.820000000000000000e+02,1.000000000000000000e+00
9.179788920000000871e+02,1.223000000000000000e+03,1.000000000000000000e+00
3.829728959999999915e+02,4.210000000000000000e+02,1.000000000000000000e+00
3.610560510000000249e+02,3.910000000000000000e+02,1.000000000000000000e+00
4.289877549999999928e+02,7.230000000000000000e+02,1.000000000000000000e+00
7.927892689999999902e+02,5.240000000000000000e+02,1.000000000000000000e+00
5.740454660000000331e+02,6.850000000000000000e+02,1.000000000000000000e+00
3.823011250000000132e+02,6.380000000000000000e+02,1.000000000000000000e+00
7.721815500000000156e+02,9.260000000000000000e+02,1.000000000000000000e+00
2.107902740000000108e+02,2.820000000000000000e+02,1.000000000000000000e+00
5.563458600000000160e+02,5.200000000000000000e+02,1.000000000000000000e+00
6.260699309999999969e+02,8.880000000000000000e+02,1.000000000000000000e+00
2.046556750000000022e+02,6.230000000000000000e+02,1.000000000000000000e+00
2.748993280000000254e+02,5.840000000000000000e+02,1.000000000000000000e+00
1.000010539999999878e+03,4.050000000000000000e+02,1.000000000000000000e+00
1.124523969999999963e+03,9.040000000000000000e+02,1.000000000000000000e+00
2.975313189999999963e+02,9.660000000000000000e+02,1.000000000000000000e+00
3.685064169999999990e+02,4.350000000000000000e+02,1.000000000000000000e+00
4.057793330000000083e+02,6.800000000000000000e+02,1.000000000000000000e+00
4.101868099999999799e+02,6.600000000000000000e+02,1.000000000000000000e+00
6.459572180000000117e+02,7.270000000000000000e+02,1.000000000000000000e+00
2.111491139999999973e+02,4.890000000000000000e+02,1.000000000000000000e+00
5.628723779999999977e+01,2.080000000000000000e+02,1.000000000000000000e+00
7.076726419999999962e+02,7.870000000000000000e+02,1.000000000000000000e+00
6.154120500000000220e+02,7.190000000000000000e+02,1.000000000000000000e+00
7.762841560000000527e+02,8.350000000000000000e+02,1.000000000000000000e+00
7.858981549999999743e+02,8.440000000000000000e+02,1.000000000000000000e+00
1.010239270000000033e+03,8.960000000000000000e+02,1.000000000000000000e+00
4.904430310000000190e+02,5.160000000000000000e+02,1.000000000000000000e+00
3.990536839999999756e+02,2.510000000000000000e+02,1.000000000000000000e+00
2.499895610000000090e+02,3.010000000000000000e+02,1.000000000000000000e+00
2.337364959999999883e+02,6.830000000000000000e+02,1.000000000000000000e+00
1.594648620000000108e+02,2.300000000000000000e+02,1.000000000000000000e+00
1.621618080000000077e+02,3.990000000000000000e+02,1.000000000000000000e+00
1.622855570000000114e+02,2.520000000000000000e+02,1.000000000000000000e+00
2.481929010000000062e+02,2.050000000000000000e+02,1.000000000000000000e+00
2.669857170000000224e+02,2.270000000000000000e+02,1.000000000000000000e+00
1.861482739999999865e+02,3.230000000000000000e+02,1.000000000000000000e+00
1.904148419999999930e+02,2.540000000000000000e+02,1.000000000000000000e+00
5.612179290000000265e+02,8.090000000000000000e+02,1.000000000000000000e+00
4.519099439999999959e+02,5.490000000000000000e+02,1.000000000000000000e+00
5.193264120000000048e+02,4.420000000000000000e+02,1.000000000000000000e+00
3.612663509999999860e+02,3.480000000000000000e+02,1.000000000000000000e+00
1.130888430000000078e+01,6.700000000000000000e+01,1.000000000000000000e+00
3.096855259999999888e+00,5.100000000000000000e+01,1.000000000000000000e+00
1.373177989999999937e+01,5.700000000000000000e+01,1.000000000000000000e+00
8.498387069999999994e+02,5.740000000000000000e+02,1.000000000000000000e+00
2.802589800000000082e+02,2.810000000000000000e+02,2.000000000000000000e+00
2.802589800000000082e+02,2.810000000000000000e+02,2.000000000000000000e+00
2.802589800000000082e+02,2.810000000000000000e+02,2.000000000000000000e+00
2.802589800000000082e+02,2.810000000000000000e+02,2.000000000000000000e+00
3.257219509999999900e+02,3.220000000000000000e+02,2.000000000000000000e+00
3.257219509999999900e+02,3.220000000000000000e+02,2.000000000000000000e+00
3.257219509999999900e+02,3.220000000000000000e+02,2.000000000000000000e+00
3.257219509999999900e+02,3.220000000000000000e+02,2.000000000000000000e+00
2.566119980000000282e+02,2.600000000000000000e+02,2.000000000000000000e+00
2.566119980000000282e+02,2.600000000000000000e+02,2.000000000000000000e+00
2.566119980000000282e+02,2.600000000000000000e+02,2.000000000000000000e+00
2.566119980000000282e+02,2.600000000000000000e+02,2.000000000000000000e+00
2.406039470000000051e+02,2.340000000000000000e+02,2.000000000000000000e+00
2.406039470000000051e+02,2.340000000000000000e+02,2.000000000000000000e+00
2.406039470000000051e+02,2.340000000000000000e+02,2.000000000000000000e+00
2.406039470000000051e+02,2.340000000000000000e+02,2.000000000000000000e+00
8.479161870000000363e+02,8.350000000000000000e+02,2.000000000000000000e+00
8.479161870000000363e+02,8.350000000000000000e+02,2.000000000000000000e+00
8.479161870000000363e+02,8.350000000000000000e+02,2.000000000000000000e+00
8.479161870000000363e+02,8.350000000000000000e+02,2.000000000000000000e+00
6.362282099999999900e+02,6.330000000000000000e+02,2.000000000000000000e+00
6.362282099999999900e+02,6.330000000000000000e+02,2.000000000000000000e+00
6.362282099999999900e+02,6.330000000000000000e+02,2.000000000000000000e+00
6.362282099999999900e+02,6.330000000000000000e+02,2.000000000000000000e+00
9.610521989999999732e+02,9.550000000000000000e+02,2.000000000000000000e+00
9.610521989999999732e+02,9.550000000000000000e+02,2.000000000000000000e+00
9.610521989999999732e+02,9.550000000000000000e+02,2.000000000000000000e+00
9.610521989999999732e+02,9.550000000000000000e+02,2.000000000000000000e+00
1.077623399999999947e+03,1.096000000000000000e+03,2.000000000000000000e+00
1.077623399999999947e+03,1.096000000000000000e+03,2.000000000000000000e+00
1.077623399999999947e+03,1.096000000000000000e+03,2.000000000000000000e+00
1.077623399999999947e+03,1.096000000000000000e+03,2.000000000000000000e+00
6.488798540000000230e+02,6.340000000000000000e+02,2.000000000000000000e+00
6.488798540000000230e+02,6.340000000000000000e+02,2.000000000000000000e+00
6.488798540000000230e+02,6.340000000000000000e+02,2.000000000000000000e+00
6.488798540000000230e+02,6.340000000000000000e+02,2.000000000000000000e+00
7.453325849999999946e+02,7.290000000000000000e+02,2.000000000000000000e+00
7.453325849999999946e+02,7.290000000000000000e+02,2.000000000000000000e+00
7.453325849999999946e+02,7.290000000000000000e+02,2.000000000000000000e+00
7.453325849999999946e+02,7.290000000000000000e+02,2.000000000000000000e+00
7.838631249999999682e+02,7.590000000000000000e+02,2.000000000000000000e+00
7.838631249999999682e+02,7.590000000000000000e+02,2.000000000000000000e+00
7.838631249999999682e+02,7.590000000000000000e+02,2.000000000000000000e+00
7.838631249999999682e+02,7.590000000000000000e+02,2.000000000000000000e+00
8.859813609999999926e+02,8.900000000000000000e+02,2.000000000000000000e+00
8.859813609999999926e+02,8.900000000000000000e+02,2.000000000000000000e+00
8.859813609999999926e+02,8.900000000000000000e+02,2.000000000000000000e+00
8.859813609999999926e+02,8.900000000000000000e+02,2.000000000000000000e+00
5.510689069999999674e+02,5.510000000000000000e+02,2.000000000000000000e+00
5.510689069999999674e+02,5.510000000000000000e+02,2.000000000000000000e+00
5.510689069999999674e+02,5.510000000000000000e+02,2.000000000000000000e+00
5.510689069999999674e+02,5.510000000000000000e+02,2.000000000000000000e+00
8.361736349999999902e+02,8.160000000000000000e+02,2.000000000000000000e+00
8.361736349999999902e+02,8.160000000000000000e+02,2.000000000000000000e+00
8.361736349999999902e+02,8.160000000000000000e+02,2.000000000000000000e+00
8.361736349999999902e+02,8.160000000000000000e+02,2.000000000000000000e+00
5.278131969999999455e+02,5.280000000000000000e+02,2.000000000000000000e+00
5.278131969999999455e+02,5.280000000000000000e+02,2.000000000000000000e+00
5.278131969999999455e+02,5.280000000000000000e+02,2.000000000000000000e+00
5.278131969999999455e+02,5.280000000000000000e+02,2.000000000000000000e+00
6.340012970000000223e+02,6.180000000000000000e+02,2.000000000000000000e+00
6.340012970000000223e+02,6.180000000000000000e+02,2.000000000000000000e+00
6.340012970000000223e+02,6.180000000000000000e+02,2.000000000000000000e+00
6.340012970000000223e+02,6.180000000000000000e+02,2.000000000000000000e+00
5.606309109999999691e+02,5.530000000000000000e+02,2.000000000000000000e+00
5.606309109999999691e+02,5.530000000000000000e+02,2.000000000000000000e+00
5.606309109999999691e+02,5.530000000000000000e+02,2.000000000000000000e+00
5.606309109999999691e+02,5.530000000000000000e+02,2.000000000000000000e+00
5.352649320000000444e+02,5.250000000000000000e+02,2.000000000000000000e+00
5.352649320000000444e+02,5.250000000000000000e+02,2.000000000000000000e+00
5.352649320000000444e+02,5.250000000000000000e+02,2.000000000000000000e+00
5.352649320000000444e+02,5.250000000000000000e+02,2.000000000000000000e+00
3.207239109999999869e+02,3.140000000000000000e+02,2.000000000000000000e+00
3.207239109999999869e+02,3.140000000000000000e+02,2.000000000000000000e+00
3.207239109999999869e+02,3.140000000000000000e+02,2.000000000000000000e+00
3.207239109999999869e+02,3.140000000000000000e+02,2.000000000000000000e+00
7.846168659999999591e+02,7.710000000000000000e+02,2.000000000000000000e+00
7.846168659999999591e+02,7.710000000000000000e+02,2.000000000000000000e+00
7.846168659999999591e+02,7.710000000000000000e+02,2.000000000000000000e+00
7.846168659999999591e+02,7.710000000000000000e+02,2.000000000000000000e+00
3.824601910000000089e+02,3.690000000000000000e+02,2.000000000000000000e+00
3.824601910000000089e+02,3.690000000000000000e+02,2.000000000000000000e+00
3.824601910000000089e+02,3.690000000000000000e+02,2.000000000000000000e+00
3.824601910000000089e+02,3.690000000000000000e+02,2.000000000000000000e+00
6.797885509999999840e+02,6.720000000000000000e+02,2.000000000000000000e+00
6.797885509999999840e+02,6.720000000000000000e+02,2.000000000000000000e+00
6.797885509999999840e+02,6.720000000000000000e+02,2.000000000000000000e+00
6.797885509999999840e+02,6.720000000000000000e+02,2.000000000000000000e+00
4.375396319999999832e+02,4.450000000000000000e+02,2.000000000000000000e+00
4.375396319999999832e+02,4.450000000000000000e+02,2.000000000000000000e+00
4.375396319999999832e+02,4.450000000000000000e+02,2.000000000000000000e+00
4.375396319999999832e+02,4.450000000000000000e+02,2.000000000000000000e+00
7.755657079999999723e+02,7.790000000000000000e+02,2.000000000000000000e+00
7.755657079999999723e+02,7.790000000000000000e+02,2.000000000000000000e+00
7.755657079999999723e+02,7.790000000000000000e+02,2.000000000000000000e+00
7.755657079999999723e+02,7.790000000000000000e+02,2.000000000000000000e+00
4.770869790000000421e+02,4.670000000000000000e+02,2.000000000000000000e+00
4.770869790000000421e+02,4.670000000000000000e+02,2.000000000000000000e+00
4.770869790000000421e+02,4.670000000000000000e+02,2.000000000000000000e+00
4.770869790000000421e+02,4.670000000000000000e+02,2.000000000000000000e+00
7.412573869999999943e+02,7.240000000000000000e+02,2.000000000000000000e+00
7.412573869999999943e+02,7.240000000000000000e+02,2.000000000000000000e+00
7.412573869999999943e+02,7.240000000000000000e+02,2.000000000000000000e+00
7.412573869999999943e+02,7.240000000000000000e+02,2.000000000000000000e+00
9.037711309999999685e+02,8.950000000000000000e+02,2.000000000000000000e+00
9.037711309999999685e+02,8.950000000000000000e+02,2.000000000000000000e+00
9.037711309999999685e+02,8.950000000000000000e+02,2.000000000000000000e+00
9.037711309999999685e+02,8.950000000000000000e+02,2.000000000000000000e+00
5.776686260000000175e+02,5.690000000000000000e+02,2.000000000000000000e+00
5.776686260000000175e+02,5.690000000000000000e+02,2.000000000000000000e+00
5.776686260000000175e+02,5.690000000000000000e+02,2.000000000000000000e+00
5.776686260000000175e+02,5.690000000000000000e+02,2.000000000000000000e+00
3.422874869999999987e+02,3.350000000000000000e+02,2.000000000000000000e+00
3.422874869999999987e+02,3.350000000000000000e+02,2.000000000000000000e+00
3.422874869999999987e+02,3.350000000000000000e+02,2.000000000000000000e+00
3.422874869999999987e+02,3.350000000000000000e+02,2.000000000000000000e+00
4.172682839999999942e+02,4.120000000000000000e+02,2.000000000000000000e+00
4.172682839999999942e+02,4.120000000000000000e+02,2.000000000000000000e+00
4.172682839999999942e+02,4.120000000000000000e+02,2.000000000000000000e+00
4.172682839999999942e+02,4.120000000000000000e+02,2.000000000000000000e+00
4.164872540000000072e+02,4.040000000000000000e+02,2.000000000000000000e+00
4.164872540000000072e+02,4.040000000000000000e+02,2.000000000000000000e+00
4.164872540000000072e+02,4.040000000000000000e+02,2.000000000000000000e+00
4.164872540000000072e+02,4.040000000000000000e+02,2.000000000000000000e+00
4.546775920000000042e+02,4.440000000000000000e+02,2.000000000000000000e+00
4.546775920000000042e+02,4.440000000000000000e+02,2.000000000000000000e+00
4.546775920000000042e+02,4.440000000000000000e+02,2.000000000000000000e+00
4.546775920000000042e+02,4.440000000000000000e+02,2.000000000000000000e+00
7.247001389999999788e+01,6.500000000000000000e+01,2.000000000000000000e+00
7.247001389999999788e+01,6.500000000000000000e+01,2.000000000000000000e+00
7.247001389999999788e+01,6.500000000000000000e+01,2.000000000000000000e+00
7.247001389999999788e+01,6.500000000000000000e+01,2.000000000000000000e+00
8.874309569999999781e+01,8.900000000000000000e+01,2.000000000000000000e+00
8.874309569999999781e+01,8.900000000000000000e+01,2.000000000000000000e+00
8.874309569999999781e+01,8.900000000000000000e+01,2.000000000000000000e+00
8.874309569999999781e+01,8.900000000000000000e+01,2.000000000000000000e+00
1.554931349999999952e+02,1.690000000000000000e+02,2.000000000000000000e+00
1.554931349999999952e+02,1.690000000000000000e+02,2.000000000000000000e+00
1.554931349999999952e+02,1.690000000000000000e+02,2.000000000000000000e+00
1.554931349999999952e+02,1.690000000000000000e+02,2.000000000000000000e+00
6.031611540000000105e+02,5.860000000000000000e+02,2.000000000000000000e+00
6.031611540000000105e+02,5.860000000000000000e+02,2.000000000000000000e+00
6.031611540000000105e+02,5.860000000000000000e+02,2.000000000000000000e+00
6.031611540000000105e+02,5.860000000000000000e+02,2.000000000000000000e+00
5.095564970000000358e+02,5.080000000000000000e+02,2.000000000000000000e+00
5.095564970000000358e+02,5.080000000000000000e+02,2.000000000000000000e+00
5.095564970000000358e+02,5.080000000000000000e+02,2.000000000000000000e+00
5.095564970000000358e+02,5.080000000000000000e+02,2.000000000000000000e+00
1.318710890000000120e+02,1.320000000000000000e+02,2.000000000000000000e+00
1.318710890000000120e+02,1.320000000000000000e+02,2.000000000000000000e+00
1.318710890000000120e+02,1.320000000000000000e+02,2.000000000000000000e+00
1.318710890000000120e+02,1.320000000000000000e+02,2.000000000000000000e+00
3.414136579999999981e+02,3.370000000000000000e+02,2.000000000000000000e+00
3.414136579999999981e+02,3.370000000000000000e+02,2.000000000000000000e+00
3.414136579999999981e+02,3.370000000000000000e+02,2.000000000000000000e+00
3.414136579999999981e+02,3.370000000000000000e+02,2.000000000000000000e+00
3.249278770000000236e+02,3.190000000000000000e+02,2.000000000000000000e+00
3.249278770000000236e+02,3.190000000000000000e+02,2.000000000000000000e+00
3.249278770000000236e+02,3.190000000000000000e+02,2.000000000000000000e+00
3.249278770000000236e+02,3.190000000000000000e+02,2.000000000000000000e+00
2.692649959999999965e+02,2.670000000000000000e+02,2.000000000000000000e+00
2.692649959999999965e+02,2.670000000000000000e+02,2.000000000000000000e+00
2.692649959999999965e+02,2.670000000000000000e+02,2.000000000000000000e+00
2.692649959999999965e+02,2.670000000000000000e+02,2.000000000000000000e+00
2.167722850000000108e+02,2.150000000000000000e+02,2.000000000000000000e+00
2.167722850000000108e+02,2.150000000000000000e+02,2.000000000000000000e+00
2.167722850000000108e+02,2.150000000000000000e+02,2.000000000000000000e+00
2.167722850000000108e+02,2.150000000000000000e+02,2.000000000000000000e+00
3.822888540000000148e+02,3.740000000000000000e+02,2.000000000000000000e+00
3.822888540000000148e+02,3.740000000000000000e+02,2.000000000000000000e+00
3.822888540000000148e+02,3.740000000000000000e+02,2.000000000000000000e+00
3.822888540000000148e+02,3.740000000000000000e+02,2.000000000000000000e+00
3.995277199999999880e+02,3.930000000000000000e+02,2.000000000000000000e+00
3.995277199999999880e+02,3.930000000000000000e+02,2.000000000000000000e+00
3.995277199999999880e+02,3.930000000000000000e+02,2.000000000000000000e+00
3.995277199999999880e+02,3.930000000000000000e+02,2.000000000000000000e+00
5.435855800000000499e+02,5.280000000000000000e+02,2.000000000000000000e+00
5.435855800000000499e+02,5.280000000000000000e+02,2.000000000000000000e+00
5.435855800000000499e+02,5.280000000000000000e+02,2.000000000000000000e+00
5.435855800000000499e+02,5.280000000000000000e+02,2.000000000000000000e+00
6.563332860000000437e+02,6.480000000000000000e+02,2.000000000000000000e+00
6.563332860000000437e+02,6.480000000000000000e+02,2.000000000000000000e+00
6.563332860000000437e+02,6.480000000000000000e+02,2.000000000000000000e+00
6.563332860000000437e+02,6.480000000000000000e+02,2.000000000000000000e+00
6.346314549999999599e+02,6.260000000000000000e+02,2.000000000000000000e+00
6.346314549999999599e+02,6.260000000000000000e+02,2.000000000000000000e+00
6.346314549999999599e+02,6.260000000000000000e+02,2.000000000000000000e+00
6.346314549999999599e+02,6.260000000000000000e+02,2.000000000000000000e+00
8.900263340000000198e+02,8.950000000000000000e+02,2.000000000000000000e+00
8.900263340000000198e+02,8.950000000000000000e+02,2.000000000000000000e+00
8.900263340000000198e+02,8.950000000000000000e+02,2.000000000000000000e+00
8.900263340000000198e+02,8.950000000000000000e+02,2.000000000000000000e+00
7.503405900000000202e+02,7.470000000000000000e+02,2.000000000000000000e+00
7.503405900000000202e+02,7.470000000000000000e+02,2.000000000000000000e+00
7.503405900000000202e+02,7.470000000000000000e+02,2.000000000000000000e+00
7.503405900000000202e+02,7.470000000000000000e+02,2.000000000000000000e+00
6.983249210000000176e+02,6.910000000000000000e+02,2.000000000000000000e+00
6.983249210000000176e+02,6.910000000000000000e+02,2.000000000000000000e+00
6.983249210000000176e+02,6.910000000000000000e+02,2.000000000000000000e+00
6.983249210000000176e+02,6.910000000000000000e+02,2.000000000000000000e+00
1.349936809999999987e+00,1.000000000000000000e+00,2.000000000000000000e+00
1.349936809999999987e+00,1.000000000000000000e+00,2.000000000000000000e+00
1.349936809999999987e+00,1.000000000000000000e+00,2.000000000000000000e+00
1.349936809999999987e+00,1.000000000000000000e+00,2.000000000000000000e+00
3.211505299999999896e-01,2.300000000000000000e+01,2.000000000000000000e+00
3.211505299999999896e-01,2.300000000000000000e+01,2.000000000000000000e+00
3.211505299999999896e-01,2.300000000000000000e+01,2.000000000000000000e+00
3.211505299999999896e-01,2.300000000000000000e+01,2.000000000000000000e+00
8.911616599999998556e-01,1.100000000000000000e+01,2.000000000000000000e+00
8.911616599999998556e-01,1.100000000000000000e+01,2.000000000000000000e+00
8.911616599999998556e-01,1.100000000000000000e+01,2.000000000000000000e+00
8.911616599999998556e-01,1.100000000000000000e+01,2.000000000000000000e+00
9.970389770000001590e+02,1.004000000000000000e+03,2.000000000000000000e+00
9.970389770000001590e+02,1.004000000000000000e+03,2.000000000000000000e+00
9.970389770000001590e+02,1.004000000000000000e+03,2.000000000000000000e+00
9.970389770000001590e+02,1.004000000000000000e+03,2.000000000000000000e+00
7.558447830000000067e+02,7.410000000000000000e+02,2.000000000000000000e+00
7.558447830000000067e+02,7.410000000000000000e+02,2.000000000000000000e+00
7.558447830000000067e+02,7.410000000000000000e+02,2.000000000000000000e+00
7.558447830000000067e+02,7.410000000000000000e+02,2.000000000000000000e+00
2.545268210000000124e+02,2.580000000000000000e+02,2.000000000000000000e+00
2.545268210000000124e+02,2.580000000000000000e+02,2.000000000000000000e+00
2.545268210000000124e+02,2.580000000000000000e+02,2.000000000000000000e+00
2.545268210000000124e+02,2.580000000000000000e+02,2.000000000000000000e+00
5.542459440000000086e+02,5.550000000000000000e+02,2.000000000000000000e+00
5.542459440000000086e+02,5.550000000000000000e+02,2.000000000000000000e+00
5.542459440000000086e+02,5.550000000000000000e+02,2.000000000000000000e+00
5.542459440000000086e+02,5.550000000000000000e+02,2.000000000000000000e+00
5.677699410000000171e+02,5.600000000000000000e+02,2.000000000000000000e+00
5.677699410000000171e+02,5.600000000000000000e+02,2.000000000000000000e+00
5.677699410000000171e+02,5.600000000000000000e+02,2.000000000000000000e+00
5.677699410000000171e+02,5.600000000000000000e+02,2.000000000000000000e+00
3.321276700000000233e+02,3.280000000000000000e+02,2.000000000000000000e+00
3.321276700000000233e+02,3.280000000000000000e+02,2.000000000000000000e+00
3.321276700000000233e+02,3.280000000000000000e+02,2.000000000000000000e+00
3.321276700000000233e+02,3.280000000000000000e+02,2.000000000000000000e+00
3.852097170000000119e+02,3.750000000000000000e+02,2.000000000000000000e+00
3.852097170000000119e+02,3.750000000000000000e+02,2.000000000000000000e+00
3.852097170000000119e+02,3.750000000000000000e+02,2.000000000000000000e+00
3.852097170000000119e+02,3.750000000000000000e+02,2.000000000000000000e+00
4.098180570000000102e+02,3.960000000000000000e+02,2.000000000000000000e+00
4.098180570000000102e+02,3.960000000000000000e+02,2.000000000000000000e+00
4.098180570000000102e+02,3.960000000000000000e+02,2.000000000000000000e+00
4.098180570000000102e+02,3.960000000000000000e+02,2.000000000000000000e+00
5.728056840000000420e+02,5.520000000000000000e+02,2.000000000000000000e+00
5.728056840000000420e+02,5.520000000000000000e+02,2.000000000000000000e+00
5.728056840000000420e+02,5.520000000000000000e+02,2.000000000000000000e+00
5.728056840000000420e+02,5.520000000000000000e+02,2.000000000000000000e+00
8.319159260000000131e+02,8.080000000000000000e+02,2.000000000000000000e+00
8.319159260000000131e+02,8.080000000000000000e+02,2.000000000000000000e+00
8.319159260000000131e+02,8.080000000000000000e+02,2.000000000000000000e+00
8.319159260000000131e+02,8.080000000000000000e+02,2.000000000000000000e+00
5.589295389999999770e+02,5.540000000000000000e+02,2.000000000000000000e+00
5.589295389999999770e+02,5.540000000000000000e+02,2.000000000000000000e+00
5.589295389999999770e+02,5.540000000000000000e+02,2.000000000000000000e+00
5.589295389999999770e+02,5.540000000000000000e+02,2.000000000000000000e+00
6.198823750000000246e+02,6.080000000000000000e+02,2.000000000000000000e+00
6.198823750000000246e+02,6.080000000000000000e+02,2.000000000000000000e+00
6.198823750000000246e+02,6.080000000000000000e+02,2.000000000000000000e+00
6.198823750000000246e+02,6.080000000000000000e+02,2.000000000000000000e+00
1.969929270000000088e+02,1.920000000000000000e+02,2.000000000000000000e+00
1.969929270000000088e+02,1.920000000000000000e+02,2.000000000000000000e+00
1.969929270000000088e+02,1.920000000000000000e+02,2.000000000000000000e+00
1.969929270000000088e+02,1.920000000000000000e+02,2.000000000000000000e+00
5.391554980000000086e+01,6.100000000000000000e+01,2.000000000000000000e+00
5.391554980000000086e+01,6.100000000000000000e+01,2.000000000000000000e+00
5.391554980000000086e+01,6.100000000000000000e+01,2.000000000000000000e+00
5.391554980000000086e+01,6.100000000000000000e+01,2.000000000000000000e+00
2.549824179999999672e+02,2.560000000000000000e+02,2.000000000000000000e+00
2.549824179999999672e+02,2.560000000000000000e+02,2.000000000000000000e+00
2.549824179999999672e+02,2.560000000000000000e+02,2.000000000000000000e+00
2.549824179999999672e+02,2.560000000000000000e+02,2.000000000000000000e+00
1.640482409999999902e+02,1.540000000000000000e+02,2.000000000000000000e+00
1.640482409999999902e+02,1.540000000000000000e+02,2.000000000000000000e+00
1.640482409999999902e+02,1.540000000000000000e+02,2.000000000000000000e+00
1.640482409999999902e+02,1.540000000000000000e+02,2.000000000000000000e+00
2.892439160000000129e+02,2.880000000000000000e+02,2.000000000000000000e+00
2.892439160000000129e+02,2.880000000000000000e+02,2.000000000000000000e+00
2.892439160000000129e+02,2.880000000000000000e+02,2.000000000000000000e+00
2.892439160000000129e+02,2.880000000000000000e+02,2.000000000000000000e+00
3.129841309999999908e+02,3.120000000000000000e+02,2.000000000000000000e+00
3.129841309999999908e+02,3.120000000000000000e+02,2.000000000000000000e+00
3.129841309999999908e+02,3.120000000000000000e+02,2.000000000000000000e+00
3.129841309999999908e+02,3.120000000000000000e+02,2.000000000000000000e+00
4.615425139999999828e+02,4.670000000000000000e+02,2.000000000000000000e+00
4.615425139999999828e+02,4.670000000000000000e+02,2.000000000000000000e+00
4.615425139999999828e+02,4.670000000000000000e+02,2.000000000000000000e+00
4.615425139999999828e+02,4.670000000000000000e+02,2.000000000000000000e+00
2.600481419999999844e+02,2.670000000000000000e+02,2.000000000000000000e+00
2.600481419999999844e+02,2.670000000000000000e+02,2.000000000000000000e+00
2.600481419999999844e+02,2.670000000000000000e+02,2.000000000000000000e+00
2.600481419999999844e+02,2.670000000000000000e+02,2.000000000000000000e+00
3.754109829999999874e+02,3.700000000000000000e+02,2.000000000000000000e+00
3.754109829999999874e+02,3.700000000000000000e+02,2.000000000000000000e+00
3.754109829999999874e+02,3.700000000000000000e+02,2.000000000000000000e+00
3.754109829999999874e+02,3.700000000000000000e+02,2.000000000000000000e+00
3.738838739999999916e+02,3.780000000000000000e+02,2.000000000000000000e+00
3.738838739999999916e+02,3.780000000000000000e+02,2.000000000000000000e+00
3.738838739999999916e+02,3.780000000000000000e+02,2.000000000000000000e+00
3.738838739999999916e+02,3.780000000000000000e+02,2.000000000000000000e+00
2.953126429999999800e+02,2.940000000000000000e+02,2.000000000000000000e+00
2.953126429999999800e+02,2.940000000000000000e+02,2.000000000000000000e+00
2.953126429999999800e+02,2.940000000000000000e+02,2.000000000000000000e+00
2.953126429999999800e+02,2.940000000000000000e+02,2.000000000000000000e+00
4.037730659999999716e+02,3.970000000000000000e+02,2.000000000000000000e+00
4.037730659999999716e+02,3.970000000000000000e+02,2.000000000000000000e+00
4.037730659999999716e+02,3.970000000000000000e+02,2.000000000000000000e+00
4.037730659999999716e+02,3.970000000000000000e+02,2.000000000000000000e+00
4.329656959999999799e+02,4.220000000000000000e+02,2.000000000000000000e+00
4.329656959999999799e+02,4.220000000000000000e+02,2.000000000000000000e+00
4.329656959999999799e+02,4.220000000000000000e+02,2.000000000000000000e+00
4.329656959999999799e+02,4.220000000000000000e+02,2.000000000000000000e+00
6.283279760000000351e+02,6.270000000000000000e+02,2.000000000000000000e+00
6.283279760000000351e+02,6.270000000000000000e+02,2.000000000000000000e+00
6.283279760000000351e+02,6.270000000000000000e+02,2.000000000000000000e+00
6.283279760000000351e+02,6.270000000000000000e+02,2.000000000000000000e+00
7.923146679999999833e+02,7.780000000000000000e+02,2.000000000000000000e+00
7.923146679999999833e+02,7.780000000000000000e+02,2.000000000000000000e+00
7.923146679999999833e+02,7.780000000000000000e+02,2.000000000000000000e+00
7.923146679999999833e+02,7.780000000000000000e+02,2.000000000000000000e+00
6.832825169999999844e+02,6.890000000000000000e+02,2.000000000000000000e+00
6.832825169999999844e+02,6.890000000000000000e+02,2.000000000000000000e+00
6.832825169999999844e+02,6.890000000000000000e+02,2.000000000000000000e+00
6.832825169999999844e+02,6.890000000000000000e+02,2.000000000000000000e+00
1.034283210000000054e+03,1.060000000000000000e+03,2.000000000000000000e+00
1.034283210000000054e+03,1.060000000000000000e+03,2.000000000000000000e+00
1.034283210000000054e+03,1.060000000000000000e+03,2.000000000000000000e+00
1.034283210000000054e+03,1.060000000000000000e+03,2.000000000000000000e+00
9.496542129999999133e+02,9.510000000000000000e+02,2.000000000000000000e+00
9.496542129999999133e+02,9.510000000000000000e+02,2.000000000000000000e+00
9.496542129999999133e+02,9.510000000000000000e+02,2.000000000000000000e+00
9.496542129999999133e+02,9.510000000000000000e+02,2.000000000000000000e+00
8.423018519999999398e+01,8.000000000000000000e+01,2.000000000000000000e+00
8.423018519999999398e+01,8.000000000000000000e+01,2.000000000000000000e+00
8.423018519999999398e+01,8.000000000000000000e+01,2.000000000000000000e+00
8.423018519999999398e+01,8.000000000000000000e+01,2.000000000000000000e+00
5.744768240000000503e+01,5.300000000000000000e+01,2.000000000000000000e+00
5.744768240000000503e+01,5.300000000000000000e+01,2.000000000000000000e+00
5.744768240000000503e+01,5.300000000000000000e+01,2.000000000000000000e+00
5.744768240000000503e+01,5.300000000000000000e+01,2.000000000000000000e+00
2.329670229999999833e+02,2.330000000000000000e+02,2.000000000000000000e+00
2.329670229999999833e+02,2.330000000000000000e+02,2.000000000000000000e+00
2.329670229999999833e+02,2.330000000000000000e+02,2.000000000000000000e+00
2.329670229999999833e+02,2.330000000000000000e+02,2.000000000000000000e+00
4.980421660000000088e+02,4.970000000000000000e+02,2.000000000000000000e+00
4.980421660000000088e+02,4.970000000000000000e+02,2.000000000000000000e+00
4.980421660000000088e+02,4.970000000000000000e+02,2.000000000000000000e+00
4.980421660000000088e+02,4.970000000000000000e+02,2.000000000000000000e+00
9.455378689999998869e+02,9.470000000000000000e+02,2.000000000000000000e+00
9.455378689999998869e+02,9.470000000000000000e+02,2.000000000000000000e+00
9.455378689999998869e+02,9.470000000000000000e+02,2.000000000000000000e+00
9.455378689999998869e+02,9.470000000000000000e+02,2.000000000000000000e+00
3.137986339999999927e+02,3.120000000000000000e+02,2.000000000000000000e+00
3.137986339999999927e+02,3.120000000000000000e+02,2.000000000000000000e+00
3.137986339999999927e+02,3.120000000000000000e+02,2.000000000000000000e+00
3.137986339999999927e+02,3.120000000000000000e+02,2.000000000000000000e+00
6.116561500000000251e+02,5.970000000000000000e+02,2.000000000000000000e+00
6.116561500000000251e+02,5.970000000000000000e+02,2.000000000000000000e+00
6.116561500000000251e+02,5.970000000000000000e+02,2.000000000000000000e+00
6.116561500000000251e+02,5.970000000000000000e+02,2.000000000000000000e+00
7.574394969999999603e+02,7.460000000000000000e+02,2.000000000000000000e+00
7.574394969999999603e+02,7.460000000000000000e+02,2.000000000000000000e+00
7.574394969999999603e+02,7.460000000000000000e+02,2.000000000000000000e+00
7.574394969999999603e+02,7.460000000000000000e+02,2.000000000000000000e+00
4.862104259999999272e+02,4.770000000000000000e+02,2.000000000000000000e+00
4.862104259999999272e+02,4.770000000000000000e+02,2.000000000000000000e+00
4.862104259999999272e+02,4.770000000000000000e+02,2.000000000000000000e+00
4.862104259999999272e+02,4.770000000000000000e+02,2.000000000000000000e+00
4.418701130000000035e+02,4.380000000000000000e+02,2.000000000000000000e+00
4.418701130000000035e+02,4.380000000000000000e+02,2.000000000000000000e+00
4.418701130000000035e+02,4.380000000000000000e+02,2.000000000000000000e+00
4.418701130000000035e+02,4.380000000000000000e+02,2.000000000000000000e+00
3.184013739999999757e+02,3.150000000000000000e+02,2.000000000000000000e+00
3.184013739999999757e+02,3.150000000000000000e+02,2.000000000000000000e+00
3.184013739999999757e+02,3.150000000000000000e+02,2.000000000000000000e+00
3.184013739999999757e+02,3.150000000000000000e+02,2.000000000000000000e+00
3.066662549999999783e+02,3.080000000000000000e+02,2.000000000000000000e+00
3.066662549999999783e+02,3.080000000000000000e+02,2.000000000000000000e+00
3.066662549999999783e+02,3.080000000000000000e+02,2.000000000000000000e+00
3.066662549999999783e+02,3.080000000000000000e+02,2.000000000000000000e+00
2.459217999999999904e+02,2.440000000000000000e+02,2.000000000000000000e+00
2.459217999999999904e+02,2.440000000000000000e+02,2.000000000000000000e+00
2.459217999999999904e+02,2.440000000000000000e+02,2.000000000000000000e+00
2.459217999999999904e+02,2.440000000000000000e+02,2.000000000000000000e+00
4.953293419999999969e+02,4.750000000000000000e+02,2.000000000000000000e+00
4.953293419999999969e+02,4.750000000000000000e+02,2.000000000000000000e+00
4.953293419999999969e+02,4.750000000000000000e+02,2.000000000000000000e+00
4.953293419999999969e+02,4.750000000000000000e+02,2.000000000000000000e+00
4.904042819999999665e+02,4.840000000000000000e+02,2.000000000000000000e+00
4.904042819999999665e+02,4.840000000000000000e+02,2.000000000000000000e+00
4.904042819999999665e+02,4.840000000000000000e+02,2.000000000000000000e+00
4.904042819999999665e+02,4.840000000000000000e+02,2.000000000000000000e+00
3.768153320000000122e+02,3.700000000000000000e+02,2.000000000000000000e+00
3.768153320000000122e+02,3.700000000000000000e+02,2.000000000000000000e+00
3.768153320000000122e+02,3.700000000000000000e+02,2.000000000000000000e+00
3.768153320000000122e+02,3.700000000000000000e+02,2.000000000000000000e+00
4.469144600000000196e+02,4.420000000000000000e+02,2.000000000000000000e+00
4.469144600000000196e+02,4.420000000000000000e+02,2.000000000000000000e+00
4.469144600000000196e+02,4.420000000000000000e+02,2.000000000000000000e+00
4.469144600000000196e+02,4.420000000000000000e+02,2.000000000000000000e+00
1.508407459999999901e+03,1.518000000000000000e+03,2.000000000000000000e+00
1.508407459999999901e+03,1.518000000000000000e+03,2.000000000000000000e+00
1.508407459999999901e+03,1.518000000000000000e+03,2.000000000000000000e+00
1.508407459999999901e+03,1.518000000000000000e+03,2.000000000000000000e+00
1.380968200000000024e+03,1.390000000000000000e+03,2.000000000000000000e+00
1.380968200000000024e+03,1.390000000000000000e+03,2.000000000000000000e+00
1.380968200000000024e+03,1.390000000000000000e+03,2.000000000000000000e+00
1.380968200000000024e+03,1.390000000000000000e+03,2.000000000000000000e+00
1.690653669999999920e+03,1.695000000000000000e+03,2.000000000000000000e+00
1.690653669999999920e+03,1.695000000000000000e+03,2.000000000000000000e+00
1.690653669999999920e+03,1.695000000000000000e+03,2.000000000000000000e+00
1.690653669999999920e+03,1.695000000000000000e+03,2.000000000000000000e+00
1.815859680000000026e+03,1.849000000000000000e+03,2.000000000000000000e+00
1.815859680000000026e+03,1.849000000000000000e+03,2.000000000000000000e+00
1.815859680000000026e+03,1.849000000000000000e+03,2.000000000000000000e+00
1.815859680000000026e+03,1.849000000000000000e+03,2.000000000000000000e+00
1.379527010000000018e+03,1.418000000000000000e+03,2.000000000000000000e+00
1.379527010000000018e+03,1.418000000000000000e+03,2.000000000000000000e+00
1.379527010000000018e+03,1.418000000000000000e+03,2.000000000000000000e+00
1.379527010000000018e+03,1.418000000000000000e+03,2.000000000000000000e+00
4.247672729999999888e+02,4.220000000000000000e+02,2.000000000000000000e+00
4.247672729999999888e+02,4.220000000000000000e+02,2.000000000000000000e+00
4.247672729999999888e+02,4.220000000000000000e+02,2.000000000000000000e+00
4.247672729999999888e+02,4.220000000000000000e+02,2.000000000000000000e+00
3.888095979999999940e+02,3.810000000000000000e+02,2.000000000000000000e+00
3.888095979999999940e+02,3.810000000000000000e+02,2.000000000000000000e+00
3.888095979999999940e+02,3.810000000000000000e+02,2.000000000000000000e+00
3.888095979999999940e+02,3.810000000000000000e+02,2.000000000000000000e+00
4.227766050000000178e+02,4.170000000000000000e+02,2.000000000000000000e+00
4.227766050000000178e+02,4.170000000000000000e+02,2.000000000000000000e+00
4.227766050000000178e+02,4.170000000000000000e+02,2.000000000000000000e+00
4.227766050000000178e+02,4.170000000000000000e+02,2.000000000000000000e+00
5.715013480000000072e+02,5.640000000000000000e+02,2.000000000000000000e+00
5.715013480000000072e+02,5.640000000000000000e+02,2.000000000000000000e+00
5.715013480000000072e+02,5.640000000000000000e+02,2.000000000000000000e+00
5.715013480000000072e+02,5.640000000000000000e+02,2.000000000000000000e+00
7.701020839999999907e+02,7.720000000000000000e+02,2.000000000000000000e+00
7.701020839999999907e+02,7.720000000000000000e+02,2.000000000000000000e+00
7.701020839999999907e+02,7.720000000000000000e+02,2.000000000000000000e+00
7.701020839999999907e+02,7.720000000000000000e+02,2.000000000000000000e+00
6.593812070000000176e+02,6.450000000000000000e+02,2.000000000000000000e+00
6.593812070000000176e+02,6.450000000000000000e+02,2.000000000000000000e+00
6.593812070000000176e+02,6.450000000000000000e+02,2.000000000000000000e+00
6.593812070000000176e+02,6.450000000000000000e+02,2.000000000000000000e+00
7.068748239999999896e+02,6.970000000000000000e+02,2.000000000000000000e+00
7.068748239999999896e+02,6.970000000000000000e+02,2.000000000000000000e+00
7.068748239999999896e+02,6.970000000000000000e+02,2.000000000000000000e+00
7.068748239999999896e+02,6.970000000000000000e+02,2.000000000000000000e+00
6.642149580000000242e+02,6.430000000000000000e+02,2.000000000000000000e+00
6.642149580000000242e+02,6.430000000000000000e+02,2.000000000000000000e+00
6.642149580000000242e+02,6.430000000000000000e+02,2.000000000000000000e+00
6.642149580000000242e+02,6.430000000000000000e+02,2.000000000000000000e+00
5.042069020000000279e+01,4.300000000000000000e+01,2.000000000000000000e+00
5.042069020000000279e+01,4.300000000000000000e+01,2.000000000000000000e+00
5.042069020000000279e+01,4.300000000000000000e+01,2.000000000000000000e+00
5.042069020000000279e+01,4.300000000000000000e+01,2.000000000000000000e+00
2.629644270000000006e+01,-9.000000000000000000e+00,2.000000000000000000e+00
2.629644270000000006e+01,-9.000000000000000000e+00,2.000000000000000000e+00
2.629644270000000006e+01,-9.000000000000000000e+00,2.000000000000000000e+00
2.629644270000000006e+01,-9.000000000000000000e+00,2.000000000000000000e+00
2.125652149999999949e+02,2.110000000000000000e+02,2.000000000000000000e+00
2.125652149999999949e+02,2.110000000000000000e+02,2.000000000000000000e+00
2.125652149999999949e+02,2.110000000000000000e+02,2.000000000000000000e+00
2.125652149999999949e+02,2.110000000000000000e+02,2.000000000000000000e+00
1.056410620000000108e+03,1.096000000000000000e+03,2.000000000000000000e+00
1.056410620000000108e+03,1.096000000000000000e+03,2.000000000000000000e+00
1.056410620000000108e+03,1.096000000000000000e+03,2.000000000000000000e+00
1.056410620000000108e+03,1.096000000000000000e+03,2.000000000000000000e+00
9.084233090000000175e+02,9.220000000000000000e+02,2.000000000000000000e+00
9.084233090000000175e+02,9.220000000000000000e+02,2.000000000000000000e+00
9.084233090000000175e+02,9.220000000000000000e+02,2.000000000000000000e+00
9.084233090000000175e+02,9.220000000000000000e+02,2.000000000000000000e+00
9.977937170000001288e+02,1.019000000000000000e+03,2.000000000000000000e+00
9.977937170000001288e+02,1.019000000000000000e+03,2.000000000000000000e+00
9.977937170000001288e+02,1.019000000000000000e+03,2.000000000000000000e+00
9.977937170000001288e+02,1.019000000000000000e+03,2.000000000000000000e+00
9.278161149999998543e+02,9.160000000000000000e+02,2.000000000000000000e+00
9.278161149999998543e+02,9.160000000000000000e+02,2.000000000000000000e+00
9.278161149999998543e+02,9.160000000000000000e+02,2.000000000000000000e+00
9.278161149999998543e+02,9.160000000000000000e+02,2.000000000000000000e+00
5.524731580000000122e+02,5.450000000000000000e+02,2.000000000000000000e+00
5.524731580000000122e+02,5.450000000000000000e+02,2.000000000000000000e+00
5.524731580000000122e+02,5.450000000000000000e+02,2.000000000000000000e+00
5.524731580000000122e+02,5.450000000000000000e+02,2.000000000000000000e+00
1.028864319999999907e+03,1.027000000000000000e+03,2.000000000000000000e+00
1.028864319999999907e+03,1.027000000000000000e+03,2.000000000000000000e+00
1.028864319999999907e+03,1.027000000000000000e+03,2.000000000000000000e+00
1.028864319999999907e+03,1.027000000000000000e+03,2.000000000000000000e+00
6.369295319999999947e+02,6.190000000000000000e+02,2.000000000000000000e+00
6.369295319999999947e+02,6.190000000000000000e+02,2.000000000000000000e+00
6.369295319999999947e+02,6.190000000000000000e+02,2.000000000000000000e+00
6.369295319999999947e+02,6.190000000000000000e+02,2.000000000000000000e+00
6.975843640000000505e+02,6.880000000000000000e+02,2.000000000000000000e+00
6.975843640000000505e+02,6.880000000000000000e+02,2.000000000000000000e+00
6.975843640000000505e+02,6.880000000000000000e+02,2.000000000000000000e+00
6.975843640000000505e+02,6.880000000000000000e+02,2.000000000000000000e+00
9.051619799999999714e+02,8.930000000000000000e+02,2.000000000000000000e+00
9.051619799999999714e+02,8.930000000000000000e+02,2.000000000000000000e+00
9.051619799999999714e+02,8.930000000000000000e+02,2.000000000000000000e+00
9.051619799999999714e+02,8.930000000000000000e+02,2.000000000000000000e+00
8.290400469999999586e+02,8.270000000000000000e+02,2.000000000000000000e+00
8.290400469999999586e+02,8.270000000000000000e+02,2.000000000000000000e+00
8.290400469999999586e+02,8.270000000000000000e+02,2.000000000000000000e+00
8.290400469999999586e+02,8.270000000000000000e+02,2.000000000000000000e+00
7.980274550000000318e+02,7.830000000000000000e+02,2.000000000000000000e+00
7.980274550000000318e+02,7.830000000000000000e+02,2.000000000000000000e+00
7.980274550000000318e+02,7.830000000000000000e+02,2.000000000000000000e+00
7.980274550000000318e+02,7.830000000000000000e+02,2.000000000000000000e+00
1.093781950000000052e+03,1.121000000000000000e+03,2.000000000000000000e+00
1.093781950000000052e+03,1.121000000000000000e+03,2.000000000000000000e+00
1.093781950000000052e+03,1.121000000000000000e+03,2.000000000000000000e+00
1.093781950000000052e+03,1.121000000000000000e+03,2.000000000000000000e+00
9.712727820000000065e+02,9.890000000000000000e+02,2.000000000000000000e+00
9.712727820000000065e+02,9.890000000000000000e+02,2.000000000000000000e+00
9.712727820000000065e+02,9.890000000000000000e+02,2.000000000000000000e+00
9.712727820000000065e+02,9.890000000000000000e+02,2.000000000000000000e+00
4.947201220000000035e+02,4.880000000000000000e+02,2.000000000000000000e+00
4.947201220000000035e+02,4.880000000000000000e+02,2.000000000000000000e+00
4.947201220000000035e+02,4.880000000000000000e+02,2.000000000000000000e+00
4.947201220000000035e+02,4.880000000000000000e+02,2.000000000000000000e+00
1.102413500000000113e+03,1.111000000000000000e+03,2.000000000000000000e+00
1.102413500000000113e+03,1.111000000000000000e+03,2.000000000000000000e+00
1.102413500000000113e+03,1.111000000000000000e+03,2.000000000000000000e+00
1.102413500000000113e+03,1.111000000000000000e+03,2.000000000000000000e+00
6.688840649999999641e+02,6.540000000000000000e+02,2.000000000000000000e+00
6.688840649999999641e+02,6.540000000000000000e+02,2.000000000000000000e+00
6.688840649999999641e+02,6.540000000000000000e+02,2.000000000000000000e+00
6.688840649999999641e+02,6.540000000000000000e+02,2.000000000000000000e+00
4.771264089999999669e+02,4.830000000000000000e+02,2.000000000000000000e+00
4.771264089999999669e+02,4.830000000000000000e+02,2.000000000000000000e+00
4.771264089999999669e+02,4.830000000000000000e+02,2.000000000000000000e+00
4.771264089999999669e+02,4.830000000000000000e+02,2.000000000000000000e+00
3.538297789999999736e+02,3.530000000000000000e+02,2.000000000000000000e+00
3.538297789999999736e+02,3.530000000000000000e+02,2.000000000000000000e+00
3.538297789999999736e+02,3.530000000000000000e+02,2.000000000000000000e+00
3.538297789999999736e+02,3.530000000000000000e+02,2.000000000000000000e+00
4.280602799999999775e+02,4.190000000000000000e+02,2.000000000000000000e+00
4.280602799999999775e+02,4.190000000000000000e+02,2.000000000000000000e+00
4.280602799999999775e+02,4.190000000000000000e+02,2.000000000000000000e+00
4.280602799999999775e+02,4.190000000000000000e+02,2.000000000000000000e+00
1.591603939999999966e+02,1.560000000000000000e+02,2.000000000000000000e+00
1.591603939999999966e+02,1.560000000000000000e+02,2.000000000000000000e+00
1.591603939999999966e+02,1.560000000000000000e+02,2.000000000000000000e+00
1.591603939999999966e+02,1.560000000000000000e+02,2.000000000000000000e+00
2.997868199999999774e+02,3.030000000000000000e+02,2.000000000000000000e+00
2.997868199999999774e+02,3.030000000000000000e+02,2.000000000000000000e+00
2.997868199999999774e+02,3.030000000000000000e+02,2.000000000000000000e+00
2.997868199999999774e+02,3.030000000000000000e+02,2.000000000000000000e+00
2.361931089999999642e+02,2.400000000000000000e+02,2.000000000000000000e+00
2.361931089999999642e+02,2.400000000000000000e+02,2.000000000000000000e+00
2.361931089999999642e+02,2.400000000000000000e+02,2.000000000000000000e+00
2.361931089999999642e+02,2.400000000000000000e+02,2.000000000000000000e+00
1.712613699999999994e+02,1.760000000000000000e+02,2.000000000000000000e+00
1.712613699999999994e+02,1.760000000000000000e+02,2.000000000000000000e+00
1.712613699999999994e+02,1.760000000000000000e+02,2.000000000000000000e+00
1.712613699999999994e+02,1.760000000000000000e+02,2.000000000000000000e+00
1.751291500000000099e+02,1.680000000000000000e+02,2.000000000000000000e+00
1.751291500000000099e+02,1.680000000000000000e+02,2.000000000000000000e+00
1.751291500000000099e+02,1.680000000000000000e+02,2.000000000000000000e+00
1.751291500000000099e+02,1.680000000000000000e+02,2.000000000000000000e+00
1.284374210000000005e+02,1.390000000000000000e+02,2.000000000000000000e+00
1.284374210000000005e+02,1.390000000000000000e+02,2.000000000000000000e+00
1.284374210000000005e+02,1.390000000000000000e+02,2.000000000000000000e+00
1.284374210000000005e+02,1.390000000000000000e+02,2.000000000000000000e+00
3.764326219999999807e+02,3.740000000000000000e+02,2.000000000000000000e+00
3.764326219999999807e+02,3.740000000000000000e+02,2.000000000000000000e+00
3.764326219999999807e+02,3.740000000000000000e+02,2.000000000000000000e+00
3.764326219999999807e+02,3.740000000000000000e+02,2.000000000000000000e+00
3.211043179999999779e+02,3.150000000000000000e+02,2.000000000000000000e+00
3.211043179999999779e+02,3.150000000000000000e+02,2.000000000000000000e+00
3.211043179999999779e+02,3.150000000000000000e+02,2.000000000000000000e+00
3.211043179999999779e+02,3.150000000000000000e+02,2.000000000000000000e+00
4.159348289999999793e+02,4.210000000000000000e+02,2.000000000000000000e+00
4.159348289999999793e+02,4.210000000000000000e+02,2.000000000000000000e+00
4.159348289999999793e+02,4.210000000000000000e+02,2.000000000000000000e+00
4.159348289999999793e+02,4.210000000000000000e+02,2.000000000000000000e+00
2.982604620000000182e+02,2.970000000000000000e+02,2.000000000000000000e+00
2.982604620000000182e+02,2.970000000000000000e+02,2.000000000000000000e+00
2.982604620000000182e+02,2.970000000000000000e+02,2.000000000000000000e+00
2.982604620000000182e+02,2.970000000000000000e+02,2.000000000000000000e+00
1.934727940000000146e+01,2.200000000000000000e+01,2.000000000000000000e+00
1.934727940000000146e+01,2.200000000000000000e+01,2.000000000000000000e+00
1.934727940000000146e+01,2.200000000000000000e+01,2.000000000000000000e+00
1.934727940000000146e+01,2.200000000000000000e+01,2.000000000000000000e+00
5.755408389999999486e+01,5.800000000000000000e+01,2.000000000000000000e+00
5.755408389999999486e+01,5.800000000000000000e+01,2.000000000000000000e+00
5.755408389999999486e+01,5.800000000000000000e+01,2.000000000000000000e+00
5.755408389999999486e+01,5.800000000000000000e+01,2.000000000000000000e+00
6.668876699999999857e+01,6.700000000000000000e+01,2.000000000000000000e+00
6.668876699999999857e+01,6.700000000000000000e+01,2.000000000000000000e+00
6.668876699999999857e+01,6.700000000000000000e+01,2.000000000000000000e+00
6.668876699999999857e+01,6.700000000000000000e+01,2.000000000000000000e+00
5.505741139999999945e+01,5.800000000000000000e+01,2.000000000000000000e+00
5.505741139999999945e+01,5.800000000000000000e+01,2.000000000000000000e+00
5.505741139999999945e+01,5.800000000000000000e+01,2.000000000000000000e+00
5.505741139999999945e+01,5.800000000000000000e+01,2.000000000000000000e+00
5.136553599999999875e+01,6.100000000000000000e+01,2.000000000000000000e+00
5.136553599999999875e+01,6.100000000000000000e+01,2.000000000000000000e+00
5.136553599999999875e+01,6.100000000000000000e+01,2.000000000000000000e+00
5.136553599999999875e+01,6.100000000000000000e+01,2.000000000000000000e+00
6.711038409999999885e+02,6.600000000000000000e+02,2.000000000000000000e+00
6.711038409999999885e+02,6.600000000000000000e+02,2.000000000000000000e+00
6.711038409999999885e+02,6.600000000000000000e+02,2.000000000000000000e+00
6.711038409999999885e+02,6.600000000000000000e+02,2.000000000000000000e+00
